{"cameraMode":{"drawMode":0,"name":"Shaded","section":"Shading Mode"},"sceneLighting":true,"audioPlay":false,"sceneViewState":{"showFog":true,"showMaterialUpdate":true,"showSkybox":true,"showFlares":true,"showImageEffects":true,"showParticleSystems":true},"in2DMode":false,"pivot":{"x":4.868724822998047,"y":1.4725325107574463,"z":1.701485514640808},"rotation":{"x":-0.0035541828256100418,"y":0.9868547320365906,"z":-0.16007839143276215,"w":-0.02191106602549553},"size":0.8573652505874634,"orthographic":false}